0,0,0,0,0,0,0,0,0,0,0,0,0,0,0,0,0,0,0,0,0,0,0,0,
0.0499055,0.0100911,-0.00144236,-0.00112073,-0.000906209,-0.00075251,-0.000637683,-0.000549265,-0.000478747,-0.000419627,-0.000367217,-0.000318982,-0.000274116,-0.000232722,-0.000195166,-0.000161786,-0.000132852,-0.000108573,-8.90045e-05,-7.40093e-05,-6.33113e-05,-5.65958e-05,-5.36072e-05,0,
0.0952741,0.0196191,-0.00268163,-0.00215284,-0.00176955,-0.00148347,-0.00126556,-0.00109646,-0.000961103,-0.000846694,-0.000743531,-0.000646984,-0.000556284,-0.000472306,-0.000396084,-0.000328346,-0.000269641,-0.000220481,-0.000181027,-0.000150951,-0.000129595,-0.000116225,-0.000110257,0,
0.136106,0.0283832,-0.00370144,-0.00304672,-0.00254283,-0.00215326,-0.0018515,-0.00161663,-0.00142908,-0.00126887,-0.00111931,-0.00097488,-0.000837087,-0.000709072,-0.000593027,-0.000489944,-0.000400536,-0.000325964,-0.000266641,-0.000221903,-0.00019045,-0.000170904,-0.000162203,0,
0.172401,0.0362837,-0.00453244,-0.00379907,-0.00321088,-0.00274416,-0.00237933,-0.00209813,-0.00187821,-0.00168869,-0.00149789,-0.00130363,-0.00111509,-0.0009403,-0.000782863,-0.00064314,-0.000521295,-0.000420393,-0.000341456,-0.00028305,-0.000242665,-0.000217873,-0.000206916,0,
0.204159,0.0432669,-0.00520315,-0.00441718,-0.0037682,-0.0032437,-0.00283389,-0.00252864,-0.00230714,-0.00211981,-0.00188958,-0.00163572,-0.00138778,-0.00116194,-0.000962059,-0.000784789,-0.000626688,-0.000497784,-0.000400169,-0.000330242,-0.000283113,-0.000254692,-0.000242282,0,
0.23138,0.0492994,-0.0057359,-0.00491054,-0.00421295,-0.00364023,-0.00319539,-0.00288691,-0.00271359,-0.00260555,-0.00231606,-0.00197232,-0.00164808,-0.00136657,-0.0011268,-0.000914533,-0.000709112,-0.000549298,-0.000436033,-0.000359102,-0.000309078,-0.000279584,-0.00026693,0,
0.254064,0.0543579,-0.00614878,-0.00528921,-0.00454549,-0.00392116,-0.00343266,-0.00312228,-0.00306762,-0.00328625,-0.00280941,-0.00230101,-0.00187631,-0.00153936,-0.0012732,-0.00104561,-0.000752475,-0.00055981,-0.000440541,-0.000365699,-0.000318956,-0.000291965,-0.000280642,0,
0.272212,0.0584234,-0.00645834,-0.00556554,-0.00477156,-0.0040786,-0.00350376,-0.00311407,-0.00316191,-0.00467891,-0.00334805,-0.00255823,-0.00202803,-0.00165201,-0.00139126,-0.00125176,-0.000701495,-0.000502085,-0.000405419,-0.000348809,-0.000313584,-0.00029311,-0.000284734,0,
0.285822,0.0614788,-0.0066814,-0.0057566,-0.00490935,-0.00412969,-0.00340058,-0.00267872,-0.00179929,0,0,0,0,0,0,0,-0.000302843,-0.000345714,-0.000334594,-0.000314964,-0.000297904,-0.000286587,-0.000282106,0,
0.294896,0.063509,-0.00683465,-0.00588348,-0.00499182,-0.00414112,-0.00329912,-0.00240703,-0.00135668,0,0,0,0,0,0,0,-0.00016714,-0.000246956,-0.000276299,-0.000282782,-0.000280815,-0.000277586,-0.000276602,0,
0.299433,0.0645018,-0.00693177,-0.00596385,-0.00504508,-0.00415396,-0.00325561,-0.0022984,-0.00122101,0,0,0,0,0,0,0,-0.000121334,-0.000201992,-0.000244665,-0.000263129,-0.000269203,-0.000270602,-0.000271668,0,
0.299433,0.0644494,-0.006981,-0.00600763,-0.00508204,-0.00418371,-0.00327839,-0.00231448,-0.00122986,0,0,0,0,0,0,0,-0.000118618,-0.000198236,-0.000240951,-0.000259851,-0.000266382,-0.000268105,-0.000269305,0,
0.294896,0.0633497,-0.00698415,-0.00601569,-0.00510271,-0.00422994,-0.00336728,-0.00245614,-0.00138532,0,0,0,0,0,0,0,-0.000157499,-0.000234753,-0.000264813,-0.000272894,-0.000272403,-0.000270173,-0.000269593,0,
0.285822,0.0612046,-0.00693685,-0.00597976,-0.00509381,-0.00427563,-0.00351271,-0.00276342,-0.00185779,0,0,0,0,0,0,0,-0.000279997,-0.000322278,-0.000314582,-0.00029846,-0.000284106,-0.000274495,-0.000270686,0,
0.272212,0.058019,-0.00683034,-0.00588348,-0.0050274,-0.0042757,-0.00365355,-0.00323518,-0.00328828,0,0,0,0,0,0,0,-0.000645785,-0.000464267,-0.00037687,-0.000326168,-0.000294864,-0.000276731,-0.000269251,0,
0.254064,0.0537957,-0.00665478,-0.00570623,-0.00486619,-0.00415574,-0.00360048,-0.00324691,-0.00317481,-0.00339614,-0.00286756,-0.00231163,-0.00185188,-0.00149083,-0.00120911,-0.000974855,-0.000696542,-0.000516508,-0.000406431,-0.000338188,-0.000295997,-0.000271755,-0.000261475,0,
0.23138,0.0485295,-0.00640332,-0.00542897,-0.00458388,-0.00388924,-0.00335483,-0.0029873,-0.00277953,-0.00265012,-0.00233004,-0.00195703,-0.00161006,-0.00131324,-0.00106516,-0.000851754,-0.000653563,-0.000502799,-0.000397775,-0.000327503,-0.000282349,-0.000255875,-0.000244364,0,
0.204159,0.0421942,-0.00607193,-0.00502932,-0.00415806,-0.00346965,-0.00294982,-0.002576,-0.00231442,-0.00210294,-0.00185316,-0.00158358,-0.00132467,-0.00109289,-0.000891867,-0.000717932,-0.000567036,-0.000446762,-0.000357438,-0.000294528,-0.000252682,-0.000227594,-0.000216456,0,
0.172401,0.0347127,-0.00564774,-0.00446332,-0.00355446,-0.00288675,-0.00240432,-0.00205831,-0.00180522,-0.00159996,-0.00140172,-0.00120473,-0.00101705,-0.000846228,-0.000695426,-0.000564497,-0.000452874,-0.000362409,-0.000293057,-0.000242664,-0.000208304,-0.000187326,-0.000177856,0,
0.136106,0.0258675,-0.0050503,-0.00362465,-0.00271271,-0.00212176,-0.00172576,-0.00145126,-0.00125186,-0.00109363,-0.000952588,-0.0008199,-0.00069568,-0.000582369,-0.000481642,-0.000393979,-0.000319501,-0.000258669,-0.000211267,-0.00017619,-0.000151882,-0.00013684,-0.000129946,0,
0.0952741,0.0150015,-0.0038593,-0.002273,-0.00155082,-0.00116281,-0.000926847,-0.000770408,-0.000658737,-0.000571595,-0.000496552,-0.000428007,-0.000364716,-0.000307136,-0.000255875,-0.000211231,-0.000173321,-0.000142239,-0.000117819,-9.95607e-05,-8.67703e-05,-7.87618e-05,-7.50112e-05,0,
0.0499055,0,0,0,0,0,0,0,0,0,0,0,0,0,0,0,0,0,0,0,0,0,0,0,
0,0,0,0,0,0,0,0,0,0,0,0,0,0,0,0,0,0,0,0,0,0,0,0,
0.0499055,0.0128766,-0.000348516,-0.00217231,-0.00161592,-0.00128522,-0.00106616,-0.000910451,-0.000793387,-0.000699753,-0.000619504,-0.000546807,-0.000479144,-0.000415979,-0.00035762,-0.000304683,-0.000257978,-0.00021838,-0.000186439,-0.000162225,-0.000145509,-0.000136171,-7.99837e-05,0,
0.0952741,0.0281759,-0.000156744,-0.00440078,-0.00349894,-0.00287476,-0.00242662,-0.00209428,-0.00183831,-0.00162961,-0.00144684,-0.00127807,-0.00111926,-0.000970545,-0.000833268,-0.000708922,-0.000599372,-0.000506843,-0.000432581,-0.000376459,-0.000337456,-0.000314299,-0.000195197,0,
0.136106,0.0417815,0.000382254,-0.00618506,-0.00510434,-0.00428833,-0.0036714,-0.00320186,-0.00283616,-0.00253374,-0.00226043,-0.00199968,-0.00174963,-0.00151405,-0.00129639,-0.00109879,-0.000924171,-0.000777467,-0.000661006,-0.000573994,-0.000513968,-0.000478217,-0.000302078,0,
0.172401,0.0538733,0.00101716,-0.0076324,-0.00644512,-0.00550295,-0.00476892,-0.00420581,-0.00377093,-0.00340907,-0.00306178,-0.00271101,-0.00236596,-0.00204015,-0.00173997,-0.00146621,-0.00122161,-0.00101839,-0.00086052,-0.000745077,-0.000666726,-0.000620482,-0.000395616,0,
0.204159,0.0644874,0.00166584,-0.00880366,-0.0075409,-0.00650955,-0.00569568,-0.00508172,-0.00463296,-0.00427014,-0.003867,-0.00341707,-0.00296361,-0.00254121,-0.0021578,-0.00180515,-0.00147832,-0.00121462,-0.00101824,-0.000879689,-0.000787989,-0.000734667,-0.000471853,0,
0.23138,0.0736217,0.00228948,-0.00973323,-0.00840539,-0.00729883,-0.0064227,-0.00579265,-0.00540931,-0.00517189,-0.00471945,-0.00412719,-0.00353082,-0.00300399,-0.00254561,-0.00211906,-0.00167265,-0.00134425,-0.00111882,-0.000968138,-0.000871552,-0.00081632,-0.000528242,0,
0.254064,0.0812625,0.00286075,-0.0104452,-0.00904874,-0.00785783,-0.00690382,-0.00625705,-0.00603994,-0.0062891,-0.00571217,-0.00484199,-0.00402919,-0.0033991,-0.0029025,-0.00245374,-0.00174977,-0.00137165,-0.00114538,-0.00100321,-0.000914477,-0.000864186,-0.00056418,0,
0.272212,0.0873915,0.00335363,-0.010964,-0.00948668,-0.00818008,-0.00707784,-0.00629194,-0.00620417,-0.00855493,-0.0068677,-0.00530894,-0.00434558,-0.0036616,-0.0032126,-0.00289434,-0.00165226,-0.00124793,-0.00108855,-0.000985593,-0.00091969,-0.000881443,-0.000581446,0,
0.285822,0.0919878,0.00373972,-0.0113213,-0.00975403,-0.00829811,-0.00693572,-0.0056292,-0.00424939,0.00539788,-0.00899647,0.0125951,-0.0161937,0.0197922,-0.0233908,0.0269894,-0.000586789,-0.00103034,-0.000975982,-0.00093163,-0.000897976,-0.000876048,-0.000584123,0,
0.294896,0.0950303,0.0039892,-0.011556,-0.00991014,-0.00832277,-0.0067378,-0.00504031,-0.00295394,0.00407004,-0.0067834,0.00949676,-0.0122101,0.0149235,-0.0176368,0.0203502,-0.000305512,-0.000802509,-0.000854047,-0.000867654,-0.00086525,-0.000858875,-0.000577634,0,
0.299433,0.0965006,0.00407623,-0.0117025,-0.0100079,-0.0083452,-0.00665259,-0.00484055,-0.00284065,0,0,0,0,0,0,0,-0.000362419,-0.000651902,-0.000770645,-0.000820351,-0.000837186,-0.00084029,-0.000567135,0,
0.299433,0.0963867,0.00398425,-0.011781,-0.010074,-0.0083977,-0.00668699,-0.00482878,-0.00262792,0,0,0,0,0,0,0,-0.000400066,-0.000643161,-0.00075686,-0.000806553,-0.00082352,-0.000826604,-0.00055575,0,
0.294896,0.094684,0.00370821,-0.0117944,-0.0101097,-0.00848479,-0.0068691,-0.00515981,-0.0031887,0,0,0,0,0,0,0,-0.000504514,-0.000735599,-0.000807651,-0.000826093,-0.000824372,-0.000817839,-0.000543392,0,
0.285822,0.0913938,0.00325374,-0.011727,-0.010086,-0.00856288,-0.00714508,-0.0057529,-0.0039873,0,0,0,0,0,-0.000279997,0.000839992,-0.000756797,-0.000955304,-0.000912616,-0.000866387,-0.000830638,-0.000807662,-0.000526719,0,
0.272212,0.0865174,0.00263241,-0.0115483,-0.00994462,-0.00853596,-0.00739577,-0.00671969,-0.00601699,0,0,0,0,0,-0.000645785,0.00193736,-0.00151329,-0.00125792,-0.00102168,-0.000896761,-0.000824689,-0.000785009,-0.000500283,0,
0.254064,0.0800467,0.00185301,-0.0112215,-0.00960849,-0.00824089,-0.00718286,-0.00652541,-0.00637419,-0.00642351,-0.00469783,-0.00363591,-0.00345745,-0.00296216,-0.00247945,-0.0019734,-0.00160548,-0.00125271,-0.00101992,-0.000874801,-0.000786852,-0.000738372,-0.000458803,0,
0.23138,0.0719453,0.000910899,-0.0107152,-0.00902716,-0.00763658,-0.00656973,-0.00582517,-0.00534624,-0.00489657,-0.00403135,-0.00331607,-0.00289047,-0.00247535,-0.00207958,-0.0017058,-0.00139367,-0.001128,-0.00093095,-0.000796112,-0.00070998,-0.000661545,-0.000399581,0,
0.204159,0.0621155,-0.00021407,-0.00998601,-0.0081486,-0.00670882,-0.00563467,-0.00485973,-0.00428985,-0.00378525,-0.0032155,-0.0027071,-0.00231355,-0.00196972,-0.00165823,-0.00137698,-0.00113583,-0.000935062,-0.00078014,-0.000669078,-0.000595764,-0.000554048,-0.000323023,0,
0.172401,0.0503125,-0.00153594,-0.00892443,-0.0068726,-0.00541564,-0.00440069,-0.00368958,-0.00316856,-0.00273937,-0.00233869,-0.00198366,-0.0016873,-0.00143212,-0.00120701,-0.00100838,-0.00083793,-0.000696566,-0.000585749,-0.00050456,-0.000450207,-0.000419545,-0.000232054,0,
0.136106,0.035894,-0.00293599,-0.00722123,-0.00500185,-0.00368062,-0.00286307,-0.00232956,-0.00195568,-0.00166518,-0.00141648,-0.00120178,-0.00102014,-0.000864692,-0.000729543,-0.000611815,-0.000511133,-0.000427705,-0.0003619,-0.000313366,-0.000281116,-0.000264126,-0.000131499,0,
0.0952741,0.0170061,-0.0035386,-0.00406526,-0.00223305,-0.00144203,-0.00104151,-0.000810013,-0.00065953,-0.000549304,-0.000460391,-0.000386964,-0.000326875,-0.000277067,-0.000234743,-0.000198285,-0.000167153,-0.000141286,-0.000120837,-0.000105941,-9.68128e-05,-9.44733e-05,-2.82029e-05,0,
0.0499055,0,0,0,0,0,0,0,0,0,0,0,0,0,0,0,0,0,0,0,0,0,0,0,
0,0,0,0,0,0,0,0,0,0,0,0,0,0,0,0,0,0,0,0,0,0,0,0,
0.0499055,0.0145562,0.000476043,-0.00244331,-0.0021367,-0.00161154,-0.00129754,-0.00109109,-0.000945702,-0.000835514,-0.00074337,-0.000657792,-0.000572832,-0.000486944,-0.000402318,-0.000324005,-0.000259503,-0.0002143,-0.00018786,-0.000175571,-0.000172306,-0.000161336,-3.58628e-05,0,
0.0952741,0.0330853,0.00286818,-0.00496792,-0.00482979,-0.00385512,-0.00319342,-0.00272729,-0.00238607,-0.00212094,-0.00189468,-0.001681,-0.00146765,-0.00125192,-0.00103926,-0.000840562,-0.000675733,-0.000560207,-0.000491216,-0.000455965,-0.000441774,-0.000413297,-0.000139561,0,
0.136106,0.0501333,0.00545642,-0.00686158,-0.00712158,-0.00588598,-0.0049801,-0.00431414,-0.00381711,-0.00342679,-0.00308597,-0.00275019,-0.00240534,-0.0020489,-0.00169244,-0.00134912,-0.00106476,-0.000878535,-0.000777241,-0.000729753,-0.00071182,-0.000671227,-0.000256408,0,
0.172401,0.0651093,0.00796363,-0.00827705,-0.00897011,-0.00758659,-0.00652668,-0.00573225,-0.00514193,-0.00468387,-0.00427304,-0.00382933,-0.00335545,-0.00284669,-0.0023332,-0.00179936,-0.00135625,-0.00111244,-0.00100991,-0.000974398,-0.000965563,-0.000919495,-0.00038218,0,
0.204159,0.0781881,0.0102713,-0.00935245,-0.0104404,-0.00896302,-0.00780769,-0.00694662,-0.00633529,-0.00589487,-0.00549422,-0.00493984,-0.00434157,-0.00365022,-0.00299522,-0.00215969,-0.00144914,-0.00120564,-0.0011761,-0.00119282,-0.00120679,-0.00115904,-0.00052133,0,
0.23138,0.0894192,0.0123384,-0.0101515,-0.0115701,-0.0100169,-0.00879445,-0.00791187,-0.00735901,-0.00706788,-0.0068709,-0.0060958,-0.00542217,-0.00441863,-0.00383888,-0.00239602,-0.00107573,-0.00108553,-0.00129659,-0.00141449,-0.00145145,-0.00139443,-0.000676182,0,
0.254064,0.0988098,0.0141392,-0.0107098,-0.0123798,-0.0107393,-0.00944144,-0.00854828,-0.00812274,-0.00822753,-0.00879655,-0.00710604,-0.00683433,-0.0047647,-0.00554693,-0.00247454,0.00059058,-0.000764815,-0.00151075,-0.00171754,-0.00172582,-0.00162782,-0.000841214,0,
0.272212,0.106349,0.015646,-0.0110574,-0.0128873,-0.0111182,-0.00968387,-0.00871826,-0.00851307,-0.0116633,-0.0117014,-0.00517078,-0.00999094,-0.00225376,-0.0110312,-0.00224867,0.00638631,-0.00112691,-0.00226453,-0.00221951,-0.0020388,-0.00184322,-0.00099468,0,
0.285822,0.112015,0.0168237,-0.0112324,-0.0131246,-0.0111613,-0.0094576,-0.00820726,-0.00647184,0.0343397,-0.100416,0.216872,-0.398103,0.658503,-1.01247,1.47439,0.0349564,-0.00806894,-0.00423768,-0.00285744,-0.00229793,-0.00198481,-0.00109567,0,
0.294896,0.115776,0.0176282,-0.0112884,-0.0131566,-0.0109432,-0.00877721,-0.0063431,-0.000932419,0.025142,-0.0744637,0.161772,-0.297922,0.493765,-0.760155,1.10795,0.030261,-0.00589078,-0.0036369,-0.00267482,-0.00224244,-0.00197328,-0.00110513,0,
0.299433,0.117599,0.0180099,-0.0112905,-0.0130827,-0.0106759,-0.00836369,-0.00654764,-0.00748506,0,0,0,0,0,0,0,0.00803873,8.70906e-05,-0.00165507,-0.00196251,-0.00195668,-0.00184,-0.00103417,0,
0.299433,0.11745,0.0179223,-0.0112955,-0.0129581,-0.0103115,-0.00745228,-0.0037709,0.00423768,0,0,0,0,0,0,0,0.00196805,2.75817e-05,-0.0011007,-0.00156328,-0.00171581,-0.00168753,-0.000931284,0,
0.294896,0.115299,0.0173262,-0.0113628,-0.0128948,-0.0101572,-0.0073606,-0.00540271,-0.0100859,0,0,0,0,0,0,0,2.51662e-05,-0.000691321,-0.00120468,-0.00147374,-0.00159017,-0.00156714,-0.000832821,0,
0.285822,0.111134,0.0162014,-0.011521,-0.0129198,-0.0100584,-0.00642716,-0.000154473,0.0161642,0,0,0,-0.000279997,0.00195998,-0.00523676,0.00563036,-0.000754003,-0.00156757,-0.0015445,-0.00153631,-0.00153821,-0.0014747,-0.000748063,0,
0.272212,0.104953,0.0145518,-0.0117763,-0.0131544,-0.0107257,-0.00813097,-0.00441848,0.00432036,0,0,0,-0.000645785,0.0045205,-0.0118459,0.0122893,-0.00226322,-0.00237247,-0.00183012,-0.00158807,-0.00148548,-0.00137884,-0.000667998,0,
0.254064,0.0967655,0.0124219,-0.0120083,-0.0133404,-0.011555,-0.0106597,-0.0119712,-0.0200942,-0.0543499,0.0132577,0.0297601,0.00128495,-0.00379412,-0.00466685,-0.00292668,-0.00272485,-0.00217598,-0.00174446,-0.00149956,-0.00137092,-0.00124871,-0.000579929,0,
0.23138,0.0865491,0.00985961,-0.0120303,-0.0130477,-0.0114904,-0.0109771,-0.0121311,-0.0157857,-0.0201763,-0.000118999,0.00862519,0.00248836,-0.000955453,-0.0022056,-0.00209202,-0.00198759,-0.00172095,-0.00147118,-0.001294,-0.00118591,-0.00107291,-0.000477794,0,
0.204159,0.0741654,0.00686134,-0.0116945,-0.0120567,-0.0103785,-0.00962381,-0.00978578,-0.0104499,-0.00964839,-0.00261915,0.00169754,0.00101177,-0.000300562,-0.00108998,-0.00131557,-0.00134114,-0.00124791,-0.00112442,-0.0010186,-0.000945973,-0.000855432,-0.000362704,0,
0.172401,0.0591953,0.00338298,-0.0108084,-0.0102202,-0.00834063,-0.00735131,-0.00693553,-0.0065765,-0.00534449,-0.00240386,-0.0002251,0.000164171,-0.000166527,-0.000536443,-0.000737744,-0.000812348,-0.000804218,-0.000759236,-0.00070936,-0.000670993,-0.000607421,-0.00023935,0,
0.136106,0.0404879,-0.000450089,-0.00884916,-0.00724021,-0.00541135,-0.00450382,-0.00402684,-0.00357419,-0.00274719,-0.00142485,-0.000356554,3.80823e-05,8.06933e-06,-0.000150377,-0.000285665,-0.000365507,-0.000396734,-0.000398403,-0.000388146,-0.000377742,-0.000341904,-0.000112494,0,
0.0952741,0.0176633,-0.00358305,-0.00488317,-0.00294188,-0.00184831,-0.0014556,-0.00128508,-0.00110979,-0.000787171,-0.000315187,7.91463e-05,0.000245699,0.000234267,0.00014823,5.75585e-05,-1.14506e-05,-5.54096e-05,-8.01462e-05,-9.32765e-05,-0.000101562,-9.42361e-05,-1.07216e-06,0,
0.0499055,0,0,0,0,0,0,0,0,0,0,0,0,0,0,0,0,0,0,0,0,0,0,0,
0,0,0,0,0,0,0,0,0,0,0,0,0,0,0,0,0,0,0,0,0,0,0,0,
0.0499055,0.0180674,0.00382604,-0.000191649,-0.000464567,-0.000255532,-0.000294448,-0.000532868,-0.000837753,-0.00109518,-0.00120228,-0.00108124,-0.000695779,-6.38172e-05,0.000712329,0.0014436,0.00187702,0.00187649,0.00151743,0.000987152,0.000466939,0.000104408,4.31071e-05,0,
0.0952741,0.0413082,0.0102451,-0.000261053,-0.00181516,-0.00155732,-0.001616,-0.00206158,-0.00266361,-0.00318443,-0.00339272,-0.00310929,-0.00224541,-0.000806071,0.00100514,0.00278451,0.00384144,0.00380615,0.0029292,0.00170873,0.000563822,-0.000203252,-0.000286756,0,
0.136106,0.063385,0.017414,0.000558731,-0.00250901,-0.00250122,-0.00280706,-0.00366956,-0.00479136,-0.00579371,-0.00626886,-0.00589695,-0.00453392,-0.00206741,0.00119874,0.00473253,0.00679742,0.00648981,0.0046077,0.00229287,0.000295088,-0.000974004,-0.0010935,0,
0.172401,0.0834002,0.0245362,0.00221832,-0.00230783,-0.00272637,-0.00351721,-0.00510522,-0.00713569,-0.00903409,-0.0100977,-0.00977907,-0.0080243,-0.00422019,0.0010406,0.00807399,0.0120594,0.0106898,0.00666782,0.00252382,-0.000631208,-0.00247347,-0.0026209,0,
0.204159,0.10149,0.0315954,0.00464896,-0.00113988,-0.00203301,-0.00349841,-0.00618654,-0.00971846,-0.013228,-0.0154304,-0.0152157,-0.0136763,-0.00793428,-0.000985969,0.0143781,0.0226027,0.0174791,0.00879524,0.00172954,-0.00276793,-0.00506202,-0.00511887,0,
0.23138,0.117806,0.0386241,0.0078849,0.00114624,-0.000117655,-0.00233663,-0.00653182,-0.0124594,-0.018903,-0.0233267,-0.0221114,-0.0236661,-0.0129798,-0.011543,0.0277293,0.0464018,0.0277594,0.00924571,-0.00167024,-0.00698121,-0.00909548,-0.00871477,0,
0.254064,0.132357,0.0456201,0.0119885,0.004778,0.00349501,0.0007147,-0.00527032,-0.0149118,-0.0274619,-0.0367514,-0.0260294,-0.0460287,-0.0089179,-0.0600422,0.0616266,0.107364,0.0378144,0.0020401,-0.0107102,-0.0142441,-0.0146395,-0.0131827,0,
0.272212,0.145011,0.0524739,0.0169532,0.00997806,0.0094314,0.00688686,-0.00054305,-0.0155551,-0.0524755,-0.0628727,0.0047206,-0.121506,0.0786602,-0.275852,0.171193,0.28069,0.0139097,-0.0282682,-0.0289965,-0.0244825,-0.0208595,-0.017646,0,
0.285822,0.155462,0.058895,0.0225809,0.0167908,0.0182704,0.0178619,0.0118696,0.00263213,0.156774,-0.708741,2.1282,-5.14007,10.7859,-20.4817,36.075,1.22554,-0.223955,-0.10009,-0.0525558,-0.0336552,-0.025323,-0.0205162,0,
0.294896,0.163202,0.0643436,0.0283333,0.0247897,0.0299738,0.0348423,0.0380639,0.0546616,0.103365,-0.503653,1.55103,-3.79009,8.00422,-15.259,26.9455,1.05477,-0.155741,-0.0820376,-0.0474645,-0.0320764,-0.0248031,-0.0203008,0,
0.299433,0.167534,0.068008,0.0332237,0.0327976,0.0430241,0.053697,0.0534395,0.0010134,0,0,0,0,0,0,0,0.301316,0.0408317,-0.0146259,-0.0231699,-0.0221934,-0.0200397,-0.0173041,0,
0.299433,0.167675,0.0688755,0.0358335,0.0390348,0.0566965,0.0835678,0.127641,0.240407,0,0,0,0,0,0,0,0.0936441,0.0402787,0.00593152,-0.00838724,-0.0132924,-0.0144537,-0.013209,0,
0.294896,0.162958,0.0659221,0.0342693,0.0397042,0.0622492,0.0962728,0.124006,0.0132693,0,0,0,0,0,0,0,0.0306469,0.0209979,0.00650551,-0.00299941,-0.00793409,-0.00997023,-0.00939035,0,
0.285822,0.153185,0.0586314,0.0271981,0.0320306,0.0574178,0.115407,0.272299,0.776585,0,-0.000279997,0.00307997,-0.0141967,0.0344173,-0.0442225,0.0247835,0.00836647,0.00604017,0.0021311,-0.00215282,-0.00526785,-0.00689743,-0.00640132,0,
0.272212,0.138932,0.0474998,0.0144731,0.012308,0.0210671,0.0359402,0.0564666,0.044877,0,-0.000645785,0.00710364,-0.032511,0.0777547,-0.0988038,0.0559469,-0.00888676,-0.00376725,-0.00160075,-0.00243026,-0.0038777,-0.00483369,-0.00422482,0,
0.254064,0.121617,0.0346029,4.87955e-05,-0.0102346,-0.0202798,-0.0486004,-0.132768,-0.392304,-1.14716,0.494197,0.871882,0.158774,0.0121505,-0.0216714,-0.0128449,-0.00756482,-0.00348068,-0.00189184,-0.00203241,-0.00277226,-0.00331009,-0.00264373,0,
0.23138,0.102846,0.0223738,-0.011413,-0.0254555,-0.0423716,-0.0769516,-0.145587,-0.263877,-0.369985,0.12948,0.33396,0.165292,0.0643831,0.0195638,0.00578754,0.0012107,0.000124776,-0.000368398,-0.000993745,-0.00167249,-0.00207725,-0.00147463,0,
0.204159,0.0835611,0.0122164,-0.017791,-0.0309269,-0.0459145,-0.0711266,-0.10837,-0.146623,-0.135363,0.0335704,0.131836,0.103953,0.0604036,0.0303661,0.0146479,0.00690777,0.00322938,0.0013188,0.000137463,-0.000669789,-0.00107713,-0.000624012,0,
0.172401,0.0635243,0.00429876,-0.019083,-0.0284933,-0.038467,-0.0531861,-0.070044,-0.0787263,-0.0580637,0.0083051,0.0557942,0.0583687,0.0429911,0.0269187,0.0155663,0.00860225,0.00459929,0.00230278,0.000928158,8.15044e-05,-0.000328111,-5.30552e-05,0,
0.136106,0.0414763,-0.00181289,-0.015836,-0.0204921,-0.0257158,-0.0331123,-0.0398813,-0.0401483,-0.0264292,0.00195296,0.0247015,0.0307717,0.026305,0.0187784,0.0121188,0.00735351,0.00427672,0.00237571,0.00120989,0.000502396,0.000155021,0.000269082,0,
0.0952741,0.0172459,-0.00476617,-0.00833639,-0.00897627,-0.0110514,-0.0142039,-0.0166436,-0.0159009,-0.00974378,0.000992887,0.0100837,0.0135407,0.0125353,0.00965065,0.00667622,0.00433179,0.00270727,0.00165297,0.000988328,0.000579393,0.000365736,0.000372398,0,
0.0499055,0,0,0,0,0,0,0,0,0,0,0,0,0,0,0,0,0,0,0,0,0,0,0,
0,0,0,0,0,0,0,0,0,0,0,0,0,0,0,0,0,0,0,0,0,0,0,0,
0.0499055,0.342377,0.318902,0.294336,0.262782,0.221334,0.170715,0.115149,0.0618399,0.0197101,-0.00316628,-0.00253121,0.0205253,0.0588494,0.0993787,0.126604,0.129982,0.111802,0.0821015,0.0509858,0.0249786,0.00704769,-0.00200948,0,
0.0952741,0.677788,0.62895,0.577555,0.513414,0.428896,0.323909,0.206358,0.0916749,0.000306143,-0.0485956,-0.0449826,0.009647,0.100778,0.198746,0.265014,0.270493,0.224769,0.155636,0.0870553,0.0321714,-0.00441114,-0.0220758,0,
0.136106,1.03048,0.95918,0.882534,0.785469,0.654078,0.485168,0.289223,0.09194,-0.0683523,-0.153538,-0.145367,-0.044344,0.129719,0.324234,0.459273,0.457931,0.357498,0.22552,0.106782,0.0188161,-0.0364842,-0.0614806,0,
0.172401,1.4071,1.31822,1.22137,1.09446,0.913638,0.667818,0.366247,0.0467922,-0.221365,-0.361352,-0.347926,-0.180214,0.13004,0.50183,0.783447,0.738947,0.517156,0.278307,0.0924986,-0.0298926,-0.100112,-0.128616,0,
0.204159,1.81325,1.71425,1.6077,1.46114,1.23457,0.899246,0.451972,-0.0607159,-0.514835,-0.735058,-0.716777,-0.469857,0.0585257,0.760368,1.42573,1.19058,0.688441,0.273629,0.0111521,-0.133727,-0.205363,-0.228698,0,
0.23138,2.24939,2.15198,2.05518,1.91278,1.66034,1.23446,0.591824,-0.241031,-1.05854,-1.36314,-1.32903,-1.0546,-0.198884,1.04425,2.95896,1.90148,0.766446,0.111933,-0.19157,-0.313777,-0.356277,-0.359136,0,
0.254064,2.70633,2.62775,2.57287,2.48083,2.25577,1.77756,0.908634,-0.455164,-2.14019,-2.34819,-2.19811,-2.23542,-0.859235,0.644656,7.45314,2.68065,0.358023,-0.405269,-0.579158,-0.576242,-0.540296,-0.503016,0,
0.272212,3.15957,3.1224,3.15575,3.19009,3.10153,2.70278,1.70592,-0.37446,-4.78962,-3.66309,-2.92515,-4.75126,-1.81338,-4.83494,23.4124,0.948954,-1.61148,-1.51577,-1.14659,-0.873888,-0.714086,-0.624528,0,
0.285822,3.56392,3.59248,3.76899,4.03271,4.25663,4.21988,3.57644,2.00682,0.619201,-4.076,16.0456,-48.5754,124.249,-281.849,583.75,23.2514,-5.77115,-2.89916,-1.61969,-1.05994,-0.800833,-0.675622,0,
0.294896,3.85163,3.96336,4.3295,4.92822,5.67453,6.34429,6.41913,5.00788,0.249476,-2.56822,11.0911,-34.7743,90.4744,-207.21,431.728,20.4368,-3.69776,-2.22237,-1.37051,-0.94567,-0.733116,-0.623214,0,
0.299433,3.93898,4.13079,4.69469,5.69178,7.17391,9.06576,10.7338,9.90247,0,0,0,0,0,0,0,5.82889,0.532804,-0.575892,-0.692042,-0.618514,-0.541443,-0.482033,0,
0.299433,3.74653,3.97874,4.66619,5.98829,8.27115,12.017,17.6285,23.9418,0,0,0,0,0,0,0,1.87673,0.791762,0.0855605,-0.20172,-0.293202,-0.312836,-0.299171,0,
0.294896,3.23532,3.42527,4.04409,5.34404,7.9152,13.1058,23.6187,42.4301,0,0,0,0,0,0,0,0.816284,0.658553,0.330846,0.0953741,-0.0370328,-0.101464,-0.115884,0,
0.285822,2.44954,2.49753,2.78269,3.45021,4.95259,8.88764,21.5562,69.8713,0.00419996,-0.0276365,0.103524,-0.238678,0.339343,-0.267657,0.0740344,0.714111,0.690886,0.488011,0.293085,0.154753,0.0728962,0.0438736,0,
0.272212,1.53338,1.38745,1.18061,0.743958,-0.429986,-4.07857,-17.0652,-69.2113,0.00968678,-0.0635087,0.236213,-0.539867,0.762181,-0.62789,0.250448,1.33707,0.915792,0.643752,0.43883,0.294314,0.204964,0.168685,0,
0.254064,0.683267,0.392555,-0.15127,-1.2022,-3.32146,-7.68918,-16.3993,-29.9715,-13.4627,17.1774,19.8837,6.7599,3.69808,2.56208,2.05785,1.45298,1.03421,0.740197,0.529234,0.383261,0.292564,0.253529,0,
0.23138,0.0470412,-0.296776,-0.938276,-2.05861,-3.94934,-6.9437,-10.9519,-13.6547,-6.69352,5.51208,8.99542,5.81128,3.76117,2.61592,1.94238,1.4219,1.0384,0.75972,0.559528,0.421387,0.335413,0.297171,0,
0.204159,-0.318202,-0.639386,-1.21262,-2.12574,-3.46024,-5.1689,-6.78283,-6.92605,-3.51194,1.61015,4.05667,3.74953,2.92937,2.21607,1.68003,1.2631,0.944403,0.705937,0.532108,0.411326,0.33582,0.301414,0,
0.172401,-0.42971,-0.686046,-1.11834,-1.75618,-2.58681,-3.47844,-4.07338,-3.74771,-1.99645,0.382475,1.87995,2.20986,2.00035,1.64786,1.30588,1.01228,0.775161,0.591595,0.455092,0.359172,0.298806,0.270714,0,
0.136106,-0.344592,-0.519027,-0.796058,-1.183,-1.64612,-2.07858,-2.27774,-1.98723,-1.09866,0.0433524,0.879092,1.21686,1.22074,1.07484,0.888183,0.708987,0.555638,0.432883,0.339773,0.273576,0.231614,0.211682,0,
0.0952741,-0.13082,-0.217963,-0.349056,-0.529057,-0.73482,-0.910809,-0.969782,-0.822061,-0.451009,0.0136094,0.379559,0.560947,0.593791,0.545043,0.465099,0.381521,0.306854,0.24559,0.198422,0.164568,0.142958,0.132461,0,
0.0499055,0,0,0,0,0,0,0,0,0,0,0,0,0,0,0,0,0,0,0,0,0,0,0,
0,0,0,0,0,0,0,0,0,0,0,0,0,0,0,0,0,0,0,0,0,0,0,0,
0.0499055,63.2374,61.365,57.4091,51.342,43.1991,33.3422,22.6266,12.4423,4.503,0.351736,0.785435,5.53257,13.0569,20.5856,24.9138,24.2913,19.8785,13.9688,8.37839,4.02116,1.14835,-0.286788,0,
0.0952741,123.968,120.349,112.59,100.495,83.9443,63.4902,40.801,18.8698,1.6235,-7.2755,-5.9166,5.34264,23.3895,41.8606,52.4501,50.1948,39.193,25.6448,13.6131,4.69204,-0.972668,-3.71279,0,
0.136106,188.307,183.143,171.819,153.666,127.982,95.0733,57.2324,19.467,-10.8605,-26.4664,-23.8143,-2.87427,32.1456,69.9716,91.9043,84.0452,60.3779,35.2353,15.2532,1.68306,-6.38274,-10.0942,0,
0.172401,257.871,251.669,237.53,213.812,178.435,130.506,72.2288,11.0235,-39.8352,-65.7423,-61.7924,-26.867,36.5354,112.571,159.908,132.65,82.1691,38.948,9.87849,-7.35243,-16.5609,-20.46,0,
0.204159,333.819,327.629,312.453,284.973,240.463,174.933,88.403,-9.88025,-96.1245,-137.289,-133.073,-81.5052,26.3266,182.121,300.929,203.19,95.6838,27.689,-8.01421,-24.9918,-32.4467,-35.0649,0,
0.23138,416.32,412.041,399.342,372.491,322.419,238.768,114.181,-45.5239,-200.614,-257.317,-254.601,-195.069,-34.2104,286.692,656.421,282.014,68.6231,-16.7211,-45.3381,-52.7468,-53.4752,-52.7069,0,
0.254064,503.713,504.353,500.144,482.611,436.834,341.777,172.555,-89.1348,-407.777,-440.692,-436.378,-413.15,-257.739,341.29,1752.17,198.584,-87.3787,-118.711,-104.55,-87.7313,-76.1334,-70.0863,0,
0.272212,591.396,601.072,614.219,620.532,599.525,517.174,320.585,-79.4893,-907.526,-666.109,-640.524,-767.106,-930.519,-379.831,5740.81,-1121.38,-499.118,-267.158,-167.005,-117.931,-93.1319,-82.0068,0,
0.285822,670.699,694.016,735.362,785.652,822.91,805.313,668.667,360.255,-3.54366,-11.2235,90.1729,-363.424,1133.67,-3031.32,7263.96,262.804,-486.115,-284.327,-178.648,-124.1,-96.0758,-83.4445,0,
0.294896,728.367,768.826,848.152,964.143,1101.12,1211.85,1188.2,845.459,-14.0257,12.7707,32.8487,-217.565,764.18,-2139.64,5242,265.407,-241.766,-191.149,-139.126,-103.83,-83.0202,-72.884,0,
0.299433,747.608,804.906,925.24,1122.54,1406.4,1753.3,2027.75,1833.94,0,0,0,0,0,0,0,48.2231,-70.1158,-92.611,-82.9391,-69.0075,-58.5476,-52.7097,0,
0.299433,711.838,778.349,926.613,1195.65,1650.55,2370.75,3341.53,4039.62,0,0,0,0,0,0,0,22.0339,-6.55699,-24.9587,-30.6123,-30.3941,-28.6467,-27.0109,0,
0.294896,611.979,670.712,808.548,1083.92,1630.13,2741.15,4987.31,9289.59,0,0,0,0,0,0,0,47.8829,46.4409,30.535,16.42,7.22106,2.17501,0.262701,0,
0.285822,455.82,484.97,554.353,701.611,1040.3,1961.74,4912.51,15536.4,0.23087,-0.76332,1.70815,-2.57974,2.50203,-0.652655,-1.8462,123.632,114.825,85.1189,59.3259,41.393,30.6406,25.8014,0,
0.272212,272.852,260.369,224.093,128.953,-141.261,-1021.2,-4493.52,-16433.1,0.528995,-1.73875,3.8665,-5.83608,5.81073,-2.17628,-3.00941,334.08,205.102,136.959,95.3354,69.224,53.917,46.8664,0,
0.254064,104.488,61.1594,-45.3379,-267.314,-726.048,-1681.33,-3523.74,-5891.6,1318.45,2224.27,1609.21,933.232,780.958,638.05,515.292,348.941,235.964,163.552,116.87,87.148,69.5839,61.3667,0,
0.23138,-18.7691,-73.2915,-197.47,-424.752,-808.804,-1400.69,-2116.78,-2340.03,-108.167,839.239,897.342,732.431,619.244,516.078,417.093,312.587,227.687,165.637,122.458,93.7891,76.4481,68.1844,0,
0.204159,-86.1504,-136.656,-244.89,-423.371,-680.493,-992.573,-1239.66,-1126.72,-306.169,267.757,471.338,488.229,450.381,392.401,326.533,258.205,197.861,149.918,114.429,89.8811,74.651,67.2538,0,
0.172401,-102.168,-141.197,-220.895,-341.957,-495.709,-648.956,-724.987,-608.994,-253.614,64.0498,237.496,299.714,303.384,278.304,239.949,197.069,156.647,122.583,96.1654,77.2719,65.2888,59.3634,0,
0.136106,-78.8333,-104.445,-154.914,-227.105,-310.605,-381.787,-401.189,-327.26,-161.445,5.13477,116.778,171.245,186.419,178.611,158.867,134.285,109.742,88.1513,70.8422,58.1569,49.9752,45.8612,0,
0.0952741,-30.1047,-42.7697,-67.1716,-100.819,-137.598,-166.042,-170.076,-136.37,-69.3007,1.6326,53.9536,82.7914,93.0639,91.3814,83.0609,71.8177,60.1722,49.6674,41.0832,34.6987,30.534,28.4028,0,
0.0499055,0,0,0,0,0,0,0,0,0,0,0,0,0,0,0,0,0,0,0,0,0,0,0,
0,0,0,0,0,0,0,0,0,0,0,0,0,0,0,0,0,0,0,0,0,0,0,0,
0.0499055,57585.9,55941.1,52479.9,47144.1,39970.5,31263,21723.6,12444.9,4679.17,-564.457,-2823.68,-2210.3,607.742,4326.78,7050.87,7224.5,5441.44,2956.01,648.804,-1105.27,-2242.76,-2818.25,0,
0.0952741,113276,110193,103394,92779.5,78250.5,60279.7,40266,20615.1,4231.5,-6549.01,-10761.7,-8651.71,-1501.9,8001.87,15140.3,15033.1,10342.9,4587.92,-336.213,-3863.32,-6053.32,-7135.06,0,
0.136106,172004,167663,157762,141882,119438,90723.7,57748.7,24721.6,-2726.49,-20079.3,-25979.9,-20974.7,-6666.54,13376.5,29766.6,26834,15877.3,5044.89,-3024.28,-8241.58,-11244,-12674.9,0,
0.172401,235119,229988,217637,196945,166166,124607,74384.8,22215.5,-21041,-46493.8,-53512.6,-43752.1,-18328.4,21645.1,62475.9,45817,20831.1,2359.68,-8941.96,-15194.3,-18364.3,-19798.2,0,
0.204159,303596,298599,285286,261321,222709,166103,91948,9672.38,-58808.3,-93407.2,-99910.2,-83811.8,-44883.2,28978.2,149487,72206.5,19192.6,-7833.43,-20370.7,-25662.8,-27667.7,-28486.5,0,
0.23138,377619,374360,362975,339375,295924,223731,116638,-17295.9,-132659,-171489,-172080,-149788,-105399,-3901.63,419767,76660.5,-6996.41,-33035.5,-39717.6,-39924.4,-38688.2,-38050.7,0,
0.254064,455935,456893,452334,436144,395955,313885,167160,-60256,-287341,-292548,-271067,-246571,-227343,-293530,1.35332e+06,-132398,-90544.4,-80145.4,-66565.9,-56107.1,-49659.8,-46911.9,0,
0.272212,534959,543555,553122,555859,535103,463548,293980,-82111.3,-673187,-456401,-374535,-371113,-448240,-429153,2.21576e+06,-227872,-235062,-136108,-90544.6,-68382.2,-57359,-52860.7,0,
0.285822,607679,628101,661380,698963,722277,701067,585446,340590,-1094.94,1784.73,-2113.83,989.234,4670.05,-22454.6,69295,148416,-209887,-130181,-89814.5,-69367.3,-58784.8,-54199.9,0,
0.294896,662539,699211,767325,858728,953856,1.02225e+06,1.01306e+06,787372,-2592.48,4390.59,-6057.3,6853.74,-4593.47,-6225.34,38012.2,-53767.1,-64777.5,-79070.2,-70327.6,-60808.5,-54346.2,-51052.7,0,
0.299433,682656,738927,853220,1.02217e+06,1.22528e+06,1.42709e+06,1.65109e+06,2.20525e+06,0,0,0,0,0,0,0,-28980,-43339.1,-52624.5,-52555.5,-49552.7,-46690.7,-44882.8,0,
0.299433,646467,720566,885856,1.1602e+06,1.5334e+06,1.8898e+06,2.13534e+06,5.04564e+06,0,0,0,0,0,0,0,-15572.7,-26971,-34650.7,-37741.8,-38209.3,-37749.6,-37163.6,0,
0.294896,533343,609739,801810,1.18474e+06,1.86717e+06,2.70965e+06,1.87626e+06,1.01544e+07,0,0,0,0,0,0,0,-5950.02,-14094.9,-20949,-25313.4,-27619.3,-28637.4,-28946.1,0,
0.285822,339200,381865,508596,832218,1.71923e+06,4.12607e+06,5.51536e+06,-2.09068e+07,5.68491,-12.4656,19.6536,-20.9798,10.7726,128.406,-378.28,6515.37,-2843.83,-9387.28,-14570,-18005,-19968.6,-20900.6,0,
0.272212,98499.6,72351.8,10419.7,-144085,-626983,-3.27174e+06,-2.65293e+07,3.85888e+07,12.9375,-28.2571,44.621,-48.7635,28.9386,337.412,-1014.28,24807.9,11037.1,1525,-5033.29,-9453.02,-12120.4,-13470.2,0,
0.254064,-118159,-197716,-397828,-852719,-1.92945e+06,-4.4273e+06,-7.64744e+06,3.25765e+06,9.88516e+06,470168,254285,-110954,-2903.66,33092.5,49101.2,24980.3,20585.1,10513.6,2980.5,-2214.94,-5409.48,-7000.26,0,
0.23138,-255903,-345974,-553965,-940743,-1.57722e+06,-2.33905e+06,-2.20728e+06,267981,3.80071e+06,1.44242e+06,632820,267033,140435,90996.5,63950.1,43375.9,29041.2,17536.4,9129.37,3400.75,-115.79,-1782.37,0,
0.204159,-302900,-375717,-529336,-767297,-1.05322e+06,-1.22142e+06,-905462,80596.9,1.44409e+06,1.03026e+06,611327,345577,199151,122435,78813,52021.5,34141.2,21597.7,12885.9,7083.04,3549.68,1970.16,0,
0.172401,-276062,-324680,-419403,-544974,-656846,-660247,-431485,49749.6,601186,604257,447158,296521,189125,120796,78164.8,51301.2,33728.1,21895.8,13911.7,8682.07,5520.06,4182.33,0,
0.136106,-200028,-227940,-278874,-338160,-376142,-347124,-209035,28698,268660,325972,278731,205482,141079,94075.8,62281.1,41378.2,27595.7,18410.4,12290.6,8319.09,5926.72,4965.05,0,
0.0952741,-96106.4,-108659,-130591,-153970,-164829,-144861,-80862.7,18554.5,113067,147804,136174,106482,76428.2,52659.2,35807,24444.5,16897.2,11881.3,8556.18,6404.97,5105.26,4625.15,0,
0.0499055,0,0,0,0,0,0,0,0,0,0,0,0,0,0,0,0,0,0,0,0,0,0,0,
0,0,0,0,0,0,0,0,0,0,0,0,0,0,0,0,0,0,0,0,0,0,0,0,
0.0499055,1.21115e+10,1.16936e+10,1.07916e+10,9.45931e+09,7.7716e+09,5.845e+09,3.84987e+09,1.99444e+09,4.69186e+08,-6.18216e+08,-1.25289e+09,-1.47803e+09,-1.3705e+09,-1.05136e+09,-7.23938e+08,-6.25231e+08,-6.48431e+08,-6.69644e+08,-6.51255e+08,-6.07228e+08,-5.63169e+08,-5.4196e+08,0,
0.0952741,2.4047e+10,2.32955e+10,2.14422e+10,1.8724e+10,1.52637e+10,1.12795e+10,7.1202e+09,3.24814e+09,1.07996e+08,-2.06554e+09,-3.26861e+09,-3.61059e+09,-3.23829e+09,-2.36266e+09,-1.44245e+09,-1.32433e+09,-1.47309e+09,-1.53907e+09,-1.47882e+09,-1.35754e+09,-1.24285e+09,-1.19246e+09,0,
0.136106,3.68647e+10,3.57423e+10,3.28727e+10,2.86375e+10,2.31872e+10,1.68092e+10,1.00343e+10,3.68938e+09,-1.33757e+09,-4.63666e+09,-6.30905e+09,-6.60304e+09,-5.7173e+09,-3.79958e+09,-1.45862e+09,-1.83959e+09,-2.43535e+09,-2.57722e+09,-2.40496e+09,-2.13378e+09,-1.89999e+09,-1.8006e+09,0,
0.172401,5.10441e+10,4.95351e+10,4.55459e+10,3.96219e+10,3.1895e+10,2.26309e+10,1.24648e+10,2.75211e+09,-4.66404e+09,-9.07382e+09,-1.09872e+10,-1.09982e+10,-9.35777e+09,-5.69015e+09,1.04125e+09,-2.26054e+09,-3.89883e+09,-3.97561e+09,-3.47816e+09,-2.9143e+09,-2.48459e+09,-2.30901e+09,0,
0.204159,6.71397e+10,6.52283e+10,5.999e+10,5.21873e+10,4.18977e+10,2.91984e+10,1.44655e+10,-4.1372e+08,-1.11862e+10,-1.63993e+10,-1.79757e+10,-1.73991e+10,-1.52077e+10,-1.01743e+10,1.27418e+10,-4.38151e+09,-6.88153e+09,-5.99829e+09,-4.68274e+09,-3.61153e+09,-2.90063e+09,-2.62343e+09,0,
0.23138,8.58087e+10,8.34608e+10,7.68074e+10,6.69024e+10,5.38522e+10,3.74593e+10,1.68326e+10,-7.12035e+09,-2.35742e+10,-2.80964e+10,-2.77346e+10,-2.59674e+10,-2.48292e+10,-2.79194e+10,5.80005e+10,-1.88047e+10,-1.30905e+10,-8.58605e+09,-5.74492e+09,-4.00521e+09,-2.99132e+09,-2.61261e+09,0,
0.254064,1.0785e+11,1.05008e+11,9.67197e+10,8.43073e+10,6.82632e+10,4.89112e+10,2.29735e+10,-1.87165e+10,-4.92104e+10,-4.60951e+10,-3.96336e+10,-3.42026e+10,-3.56104e+10,-5.58194e+10,1.19169e+11,-4.0286e+10,-2.03939e+10,-9.97263e+09,-5.83787e+09,-3.70959e+09,-2.56169e+09,-2.14009e+09,0,
0.272212,1.34208e+11,1.30893e+11,1.20798e+11,1.0494e+11,8.45653e+10,6.37482e+10,4.30044e+10,-3.06146e+10,-1.05044e+11,-7.68202e+10,-5.2872e+10,-4.04756e+10,-2.5164e+10,2.16088e+10,-6.95554e+10,3.23996e+10,-5.43158e+09,-5.88404e+09,-3.85236e+09,-2.39005e+09,-1.49693e+09,-1.14389e+09,0,
0.285822,1.65794e+11,1.6253e+11,1.51165e+11,1.3024e+11,1.00149e+11,7.32245e+10,7.69695e+10,1.44823e+11,-1.02615e+06,1.71885e+06,-2.42e+06,3.12512e+06,-3.81155e+06,4.40816e+06,-4.72759e+06,1.14132e+10,-5.50887e+07,-1.54497e+09,-1.07443e+09,-4.47806e+08,4.79559e+07,2.84414e+08,0,
0.294896,2.02731e+11,2.01654e+11,1.9243e+11,1.6612e+11,1.13317e+11,4.53872e+10,6.21184e+10,4.63939e+11,-2.37249e+06,3.97516e+06,-5.60207e+06,7.25639e+06,-8.92908e+06,1.05769e+07,-1.20726e+07,6.95792e+09,1.31349e+09,8.79016e+08,1.25652e+09,1.58324e+09,1.82409e+09,1.97221e+09,0,
0.299433,2.4231e+11,2.49119e+11,2.53345e+11,2.32046e+11,1.46888e+11,-5.09025e+10,-3.40534e+11,2.05449e+12,0,0,0,0,0,0,0,3.55973e+09,3.45636e+09,3.52505e+09,3.62845e+09,3.68723e+09,3.7191e+09,3.7831e+09,0,
0.299433,2.74809e+11,2.99984e+11,3.43707e+11,3.68808e+11,2.87875e+11,-1.055e+11,-2.19836e+12,5.50442e+12,0,0,0,0,0,0,0,3.92144e+09,5.6109e+09,6.06905e+09,6.03659e+09,5.84058e+09,5.65727e+09,5.61472e+09,0,
0.294896,2.78389e+11,3.31196e+11,4.54103e+11,6.36675e+11,7.44735e+11,6.04332e+11,-5.54354e+12,3.26667e+11,0,0,0,0,0,0,0,6.62277e+09,9.02103e+09,9.21293e+09,8.67803e+09,8.04249e+09,7.56048e+09,7.36722e+09,0,
0.285822,2.22209e+11,2.84026e+11,4.71556e+11,9.5909e+11,1.92602e+12,1.80587e+12,-1.47287e+13,1.60069e+13,92.2558,-149.457,173.306,1.39676,-848.814,8542.12,-21059.2,1.37333e+10,1.46746e+10,1.31925e+10,1.15117e+10,1.01733e+10,9.2914e+09,8.90746e+09,0,
0.272212,9.9201e+10,1.04867e+11,1.18413e+11,1.17081e+11,-5.84823e+11,-3.09802e+13,3.54306e+13,8.33764e+12,209.399,-340.276,402.477,26.6037,-2248.17,30214.6,-78480.7,3.37294e+10,2.30197e+10,1.74883e+10,1.41088e+10,1.1942e+10,1.06391e+10,1.00633e+10,0,
0.254064,-3.05365e+10,-8.22788e+10,-2.47338e+11,-7.61181e+11,-2.34861e+12,-6.35545e+11,5.05713e+12,-1.08841e+13,9.20461e+12,-5.05609e+10,7.27253e+10,8.01801e+10,7.50556e+10,6.28857e+10,5.16535e+10,3.63528e+10,2.62602e+10,1.97691e+10,1.56045e+10,1.29454e+10,1.13658e+10,1.06571e+10,0,
0.23138,-1.08378e+11,-1.64492e+11,-3.06426e+11,-5.6395e+11,-7.60581e+11,2.32791e+11,2.20806e+11,9.60192e+11,-5.51617e+11,2.79072e+11,1.21524e+11,8.74564e+10,6.82454e+10,5.60239e+10,4.50412e+10,3.43695e+10,2.59188e+10,1.98619e+10,1.57023e+10,1.29635e+10,1.13148e+10,1.0563e+10,0,
0.204159,-1.27779e+11,-1.62147e+11,-2.30673e+11,-2.99957e+11,-2.55654e+11,4.07473e+10,8.48594e+10,3.85612e+11,-2.58463e+11,1.57138e+11,1.1189e+11,8.54547e+10,6.31055e+10,4.92811e+10,3.88496e+10,3.0242e+10,2.33403e+10,1.81694e+10,1.44729e+10,1.19734e+10,1.04445e+10,9.73804e+09,0,
0.172401,-1.10881e+11,-1.26972e+11,-1.52345e+11,-1.62936e+11,-1.20522e+11,-1.77134e+10,4.37832e+10,1.30812e+11,-4.10939e+10,6.13811e+10,7.21883e+10,6.34243e+10,5.04195e+10,3.96782e+10,3.12427e+10,2.44955e+10,1.91541e+10,1.50851e+10,1.21174e+10,1.00757e+10,8.81089e+09,8.22134e+09,0,
0.136106,-7.75511e+10,-8.40126e+10,-9.1541e+10,-8.8875e+10,-6.39781e+10,-1.94935e+10,1.91911e+10,4.91674e+10,1.04866e+10,3.1083e+10,4.04693e+10,3.93964e+10,3.3685e+10,2.74164e+10,2.19155e+10,1.73728e+10,1.37427e+10,1.09447e+10,8.87826e+09,7.4404e+09,6.5412e+09,6.11987e+09,0,
0.0952741,-3.8311e+10,-4.06352e+10,-4.24792e+10,-3.95449e+10,-2.78482e+10,-8.74657e+09,9.74625e+09,2.104e+10,1.29538e+10,1.52362e+10,1.80064e+10,1.82466e+10,1.64828e+10,1.39762e+10,1.14843e+10,9.2974e+09,7.49636e+09,6.08238e+09,5.0243e+09,4.28054e+09,3.811e+09,3.59093e+09,0,
0.0499055,0,0,0,0,0,0,0,0,0,0,0,0,0,0,0,0,0,0,0,0,0,0,0,
0,0,0,0,0,0,0,0,0,0,0,0,0,0,0,0,0,0,0,0,0,0,0,0,
0.0499055,-1.05555e+20,-9.74615e+17,1.86571e+20,4.23231e+20,6.47672e+20,7.80481e+20,7.54869e+20,5.57589e+20,2.46942e+20,-7.97876e+19,-3.4577e+20,-5.17247e+20,-5.94519e+20,-5.94977e+20,-5.41138e+20,-4.55121e+20,-3.54957e+20,-2.55317e+20,-1.66852e+20,-9.63558e+19,-4.76576e+19,-2.27516e+19,0,
0.0952741,-2.54924e+20,-2.7867e+19,3.78377e+20,9.09449e+20,1.43346e+21,1.76092e+21,1.71719e+21,1.25769e+21,5.3193e+20,-2.05502e+20,-7.77968e+20,-1.12687e+21,-1.26971e+21,-1.2531e+21,-1.12735e+21,-9.40811e+20,-7.28976e+20,-5.21596e+20,-3.39792e+20,-1.96296e+20,-9.77329e+19,-4.74332e+19,0,
0.136106,-5.89642e+20,-2.19071e+20,4.69973e+20,1.4262e+21,2.43788e+21,3.13301e+21,3.11348e+21,2.23883e+21,8.39107e+20,-4.89655e+20,-1.43042e+21,-1.94166e+21,-2.10503e+21,-2.02166e+21,-1.77556e+21,-1.45293e+21,-1.09892e+21,-7.61683e+20,-4.72823e+20,-2.48879e+20,-9.69157e+19,-1.97684e+19,0,
0.172401,-1.23555e+21,-7.13691e+20,3.26278e+20,1.91801e+21,3.78773e+21,5.24726e+21,5.39036e+21,3.76566e+21,1.08879e+21,-1.1545e+21,-2.50942e+21,-3.10453e+21,-3.18945e+21,-2.95553e+21,-2.50164e+21,-1.99849e+21,-1.45275e+21,-9.52302e+20,-5.38233e+20,-2.25539e+20,-1.70519e+19,8.79711e+19,0,
0.204159,-2.32311e+21,-1.71536e+21,-3.30793e+20,2.16848e+21,5.58223e+21,8.71174e+21,9.46972e+21,6.37348e+21,9.20189e+20,-2.7016e+21,-4.34688e+21,-4.7797e+21,-4.59894e+21,-4.11308e+21,-3.2794e+21,-2.58957e+21,-1.76301e+21,-1.05487e+21,-4.9805e+20,-9.21133e+19,1.72582e+20,3.04674e+20,0,
0.23138,-3.91236e+21,-3.49352e+21,-2.05858e+21,1.5467e+21,7.69899e+21,1.45835e+22,1.74508e+22,1.13832e+22,-1.06637e+21,-6.22514e+21,-7.39832e+21,-7.07168e+21,-6.32711e+21,-5.54386e+21,-4.09381e+21,-3.2234e+21,-1.96158e+21,-1.00258e+21,-3.00363e+20,1.90964e+20,5.03818e+20,6.5854e+20,0,
0.254064,-5.78114e+21,-6.30807e+21,-5.90857e+21,-1.57299e+21,9.12664e+21,2.44938e+22,3.44253e+22,2.28713e+22,-1.03741e+22,-1.37344e+22,-1.19498e+22,-9.77586e+21,-8.07358e+21,-6.87844e+21,-6.03479e+21,-3.43223e+21,-1.81445e+21,-6.82377e+20,1.18162e+20,6.63995e+20,1.00551e+21,1.17344e+21,0,
0.272212,-6.93945e+21,-1.01042e+22,-1.36476e+22,-1.0999e+22,5.95944e+21,3.98355e+22,7.28347e+22,5.5901e+22,-4.87622e+22,-2.6774e+22,-1.69916e+22,-1.20825e+22,-9.54554e+21,-8.20591e+21,-8.33526e+21,-3.29821e+21,-1.33624e+21,-3.98563e+19,8.01863e+20,1.356e+21,1.69695e+21,1.86402e+21,0,
0.285822,-4.68743e+21,-1.36296e+22,-2.75514e+22,-3.46888e+22,-1.39907e+22,5.64233e+22,1.58053e+23,1.8509e+23,-4.34474e+11,7.24132e+11,-1.0138e+12,1.30348e+12,-1.59318e+12,1.88289e+12,-2.17262e+12,-5.10173e+20,1.59654e+20,1.07537e+21,1.78929e+21,2.28027e+21,2.58284e+21,2.73129e+21,0,
0.294896,6.84748e+21,-1.23443e+22,-4.82752e+22,-8.62718e+22,-8.35451e+22,4.13365e+22,3.2469e+23,5.09324e+23,-1.39183e+12,2.31973e+12,-3.24766e+12,4.17561e+12,-5.10361e+12,6.03164e+12,-6.95972e+12,8.51815e+20,1.56106e+21,2.4107e+21,3.02266e+21,3.41766e+21,3.64817e+21,3.75896e+21,0,
0.299433,3.80694e+22,5.50173e+21,-6.70972e+22,-1.79089e+23,-2.75246e+23,-1.40489e+23,6.78322e+23,1.48435e+24,0,0,0,0,0,0,0,1.80613e+21,3.13068e+21,4.00646e+21,4.50129e+21,4.74969e+21,4.86326e+21,4.91195e+21,0,
0.299433,1.02554e+23,6.34502e+22,-4.67177e+22,-2.90035e+23,-7.02584e+23,-1.01976e+24,2.35121e+24,7.25585e+23,0,0,0,0,0,0,0,3.26537e+21,5.17691e+21,6.01566e+21,6.26142e+21,6.25231e+21,6.17775e+21,6.13065e+21,0,
0.294896,2.0672e+23,1.93386e+23,1.07866e+23,-2.40651e+23,-1.36346e+24,-4.13084e+24,5.60212e+24,4.04577e+24,0,0,0,0,0,0,0,6.10637e+21,8.33724e+21,8.65875e+21,8.3181e+21,7.86145e+21,7.50324e+21,7.32132e+21,0,
0.285822,3.22927e+23,3.94568e+23,5.35632e+23,5.24251e+23,-1.1153e+24,3.16604e+24,-4.09011e+24,7.65593e+24,1140.16,-1289.65,-161.177,11943,-58623,1.37334e+10,-4.11998e+10,1.28662e+22,1.34611e+22,1.20141e+22,1.05388e+22,9.41766e+21,8.694e+21,8.35026e+21,0,
0.272212,3.63694e+23,5.03843e+23,9.77063e+23,2.56866e+24,-2.20109e+25,2.38271e+25,5.53167e+24,-9.21826e+24,2601.18,-2944.41,-744.68,39313.7,-208332,3.37298e+10,-1.01188e+11,3.19021e+22,2.07325e+22,1.54584e+22,1.24583e+22,1.06246e+22,9.54811e+21,9.05537e+21,0,
0.254064,2.64349e+23,2.80659e+23,2.25432e+23,-4.62449e+23,-1.06991e+24,7.33663e+24,-2.03185e+25,1.55855e+25,1.93275e+23,-1.99103e+24,-3.61174e+23,-1.76885e+22,4.61965e+22,5.10321e+22,4.42225e+22,3.09706e+22,2.21773e+22,1.66934e+22,1.32654e+22,1.11217e+22,9.86149e+21,9.28547e+21,0,
0.23138,1.47109e+23,1.12378e+23,-3.55806e+21,-2.55526e+23,-4.43609e+23,2.39494e+23,-4.5039e+24,3.15473e+24,1.55124e+24,-1.17375e+23,-1.14476e+23,-2.23525e+22,2.00454e+22,3.21703e+22,3.16978e+22,2.5997e+22,2.03142e+22,1.59292e+22,1.28368e+22,1.07787e+22,9.53102e+21,8.95322e+21,0,
0.204159,6.51918e+22,2.94225e+22,-5.3245e+22,-1.82922e+23,-3.07834e+23,-3.53287e+23,-1.11752e+24,7.30906e+23,7.03505e+23,1.9798e+23,4.68068e+22,2.27984e+22,2.43463e+22,2.59982e+22,2.45458e+22,2.10301e+22,1.71987e+22,1.3916e+22,1.14134e+22,9.66117e+21,8.56596e+21,8.05145e+21,0,
0.172401,1.97462e+22,-6.27306e+21,-5.91861e+22,-1.32856e+23,-2.04898e+23,-2.52936e+23,-3.21682e+23,1.87474e+23,2.98002e+23,1.69025e+23,8.01522e+22,4.22437e+22,2.85177e+22,2.29779e+22,1.95186e+22,1.64158e+22,1.35686e+22,1.11545e+22,9.26846e+21,7.91269e+21,7.04806e+21,6.63759e+21,0,
0.136106,3.59299e+20,-1.55842e+22,-4.59073e+22,-8.48689e+22,-1.19731e+23,-1.34492e+23,-1.09595e+23,5.42856e+22,1.25343e+23,1.00283e+23,6.25262e+22,3.75495e+22,2.44767e+22,1.78948e+22,1.41616e+22,1.15691e+22,9.52611e+21,7.88334e+21,6.61005e+21,5.68811e+21,5.09415e+21,4.81017e+21,0,
0.0952741,-3.22374e+21,-1.06299e+22,-2.4168e+22,-4.06265e+22,-5.39713e+22,-5.6205e+22,-3.72392e+22,1.60085e+22,4.67541e+22,4.49201e+22,3.22075e+22,2.10088e+22,1.39476e+22,9.96722e+21,7.67055e+21,6.17952e+21,5.08892e+21,4.24742e+21,3.60424e+21,3.13865e+21,2.83683e+21,2.69114e+21,0,
0.0499055,0,0,0,0,0,0,0,0,0,0,0,0,0,0,0,0,0,0,0,0,0,0,0,
0,0,0,0,0,0,0,0,0,0,0,0,0,0,0,0,0,0,0,0,0,0,0,0,
0.0499055,-1.87326e+45,-1.74404e+45,-1.51141e+45,-1.22147e+45,-9.30171e+44,-6.88684e+44,-5.28723e+44,-4.53743e+44,-4.40967e+44,-4.55944e+44,-4.71179e+44,-4.72754e+44,-4.57666e+44,-4.28799e+44,-3.91183e+44,-3.50049e+44,-3.09965e+44,-2.74288e+44,-2.45038e+44,-2.23131e+44,-2.08765e+44,-2.0177e+44,0,
0.0952741,-3.69658e+45,-3.41496e+45,-2.90816e+45,-2.27878e+45,-1.65321e+45,-1.14811e+45,-8.3551e+44,-7.2014e+44,-7.41829e+44,-8.1281e+44,-8.70972e+44,-8.90563e+44,-8.70101e+44,-8.18775e+44,-7.48387e+44,-6.7017e+44,-5.93781e+44,-5.26085e+44,-4.70935e+44,-4.29846e+44,-4.02931e+44,-3.8967e+44,0,
0.136106,-5.79762e+45,-5.30534e+45,-4.41836e+45,-3.31873e+45,-2.23708e+45,-1.39101e+45,-9.1594e+44,-8.16323e+44,-9.58233e+44,-1.14787e+45,-1.27732e+45,-1.32031e+45,-1.28976e+45,-1.20876e+45,-1.09873e+45,-9.77705e+44,-8.61486e+44,-7.60589e+44,-6.80014e+44,-6.2096e+44,-5.82712e+44,-5.63945e+44,0,
0.172401,-8.3866e+45,-7.58339e+45,-6.12935e+45,-4.32242e+45,-2.55964e+45,-1.22933e+45,-5.79606e+44,-6.22962e+44,-1.07553e+45,-1.49308e+45,-1.7247e+45,-1.78429e+45,-1.72728e+45,-1.60179e+45,-1.44023e+45,-1.26608e+45,-1.10412e+45,-9.68631e+44,-8.64074e+44,-7.895e+44,-7.42126e+44,-7.19178e+44,0,
0.204159,-1.17745e+46,-1.05045e+46,-8.17921e+45,-5.2593e+45,-2.41674e+45,-3.43645e+44,5.04013e+44,4.5549e+43,-1.15564e+45,-1.95586e+45,-2.28372e+45,-2.31378e+45,-2.19152e+45,-1.99808e+45,-1.76954e+45,-1.52486e+45,-1.30875e+45,-1.13876e+45,-1.01441e+45,-9.29171e+44,-8.76485e+44,-8.51487e+44,0,
0.23138,-1.64288e+46,-1.44735e+46,-1.08091e+46,-6.0928e+45,-1.4635e+45,1.82059e+45,2.95837e+45,1.54538e+45,-1.53371e+45,-2.80092e+45,-3.06424e+45,-2.93252e+45,-2.67631e+45,-2.39045e+45,-2.08535e+45,-1.73564e+45,-1.45487e+45,-1.25629e+45,-1.12234e+45,-1.03532e+45,-9.83317e+44,-9.5935e+44,0,
0.254064,-2.30367e+46,-2.01465e+46,-1.44791e+46,-6.81329e+45,8.87548e+44,6.1977e+45,8.01927e+45,4.83062e+45,-3.56172e+45,-4.53951e+45,-4.14777e+45,-3.60136e+45,-3.13196e+45,-2.75672e+45,-2.41332e+45,-1.85669e+45,-1.5071e+45,-1.30343e+45,-1.18144e+45,-1.1069e+45,-1.06371e+45,-1.04456e+45,0,
0.272212,-3.25357e+46,-2.85943e+46,-2.01452e+46,-7.55828e+45,5.70594e+45,1.41931e+46,1.80254e+46,1.34973e+46,-1.26437e+46,-7.58576e+45,-5.28953e+45,-4.10956e+45,-3.42935e+45,-3.03924e+45,-2.92097e+45,-1.74924e+45,-1.40499e+45,-1.26592e+45,-1.1936e+45,-1.14977e+45,-1.12376e+45,-1.11288e+45,0,
0.285822,-4.59817e+46,-4.15435e+46,-2.99589e+46,-9.05383e+45,1.53767e+46,2.7401e+46,3.58009e+46,4.30424e+46,-5.5527e+23,9.2545e+23,-1.29563e+24,1.66581e+24,-2.03599e+24,2.40617e+24,-2.77635e+24,-8.17089e+44,-1.09313e+45,-1.16309e+45,-1.18108e+45,-1.18029e+45,-1.17513e+45,-1.17364e+45,0,
0.294896,-6.38935e+46,-6.16043e+46,-4.90372e+46,-1.44268e+46,3.68419e+46,4.66916e+46,5.86728e+46,1.08306e+47,-1.52797e+24,2.54662e+24,-3.56527e+24,4.58392e+24,-5.60257e+24,6.62122e+24,-7.63987e+24,-5.01576e+44,-9.51727e+44,-1.11773e+45,-1.19481e+45,-1.22395e+45,-1.23255e+45,-1.23727e+45,0,
0.299433,-8.42204e+46,-9.1913e+46,-8.9611e+46,-3.67626e+46,9.31928e+46,7.3852e+46,1.47458e+47,1.65097e+47,0,0,0,0,0,0,0,-5.39087e+44,-9.52726e+44,-1.1712e+45,-1.26793e+45,-1.30045e+45,-1.30715e+45,-1.31097e+45,0,
0.299433,-9.72436e+46,-1.32872e+47,-1.79419e+47,-1.29456e+47,2.68444e+47,9.01079e+46,1.71057e+47,3.48476e+47,0,0,0,0,0,0,0,-7.12161e+44,-1.16045e+45,-1.36131e+45,-1.42097e+45,-1.41882e+45,-1.40163e+45,-1.39467e+45,0,
0.294896,-7.50854e+46,-1.66929e+47,-3.74619e+47,-5.42975e+47,1.17219e+48,9.93301e+47,-2.44099e+48,2.33571e+48,0,0,0,0,0,0,0,-1.16813e+45,-1.63271e+45,-1.71328e+45,-1.65601e+45,-1.57183e+45,-1.50632e+45,-1.47824e+45,0,
0.285822,4.03353e+46,-9.2123e+46,-6.90547e+47,-3.24223e+48,1.88136e+48,5.85045e+48,-2.06961e+48,-3.5439e+48,9558.06,7429.05,-107039,1.37337e+10,-9.61336e+10,1.28662e+22,-3.85986e+22,-2.36682e+45,-2.51331e+45,-2.22995e+45,-1.94208e+45,-1.72888e+45,-1.5968e+45,-1.54099e+45,0,
0.272212,2.87733e+47,4.62274e+47,9.64689e+47,-5.46298e+48,6.16788e+48,-5.31065e+48,7.48584e+48,-5.9522e+48,21437.7,30514.8,-368566,3.37308e+10,-2.36108e+11,3.19021e+22,-9.57062e+22,-5.91744e+45,-3.84233e+45,-2.78119e+45,-2.18006e+45,-1.82947e+45,-1.63574e+45,-1.55554e+45,0,
0.254064,3.40687e+47,4.57715e+47,6.82589e+47,2.31433e+48,8.8574e+47,-2.04891e+49,1.7007e+49,1.82053e+48,-1.82573e+48,-5.2313e+47,-3.69918e+47,-1.19905e+47,-4.36754e+46,-2.01717e+46,-1.14145e+46,-6.70898e+45,-4.19403e+45,-2.90206e+45,-2.19503e+45,-1.79868e+45,-1.58581e+45,-1.49776e+45,0,
0.23138,2.81678e+47,3.14287e+47,3.47602e+47,3.05343e+47,-1.65208e+48,-7.67758e+47,-2.80737e+48,2.15077e+48,1.9614e+48,1.48445e+47,-9.1289e+46,-5.4102e+46,-2.68163e+46,-1.39699e+46,-8.13094e+45,-5.08258e+45,-3.40904e+45,-2.4705e+45,-1.92704e+45,-1.60934e+45,-1.434e+45,-1.35987e+45,0,
0.204159,1.87938e+47,1.73164e+47,1.0912e+47,-1.01387e+47,-7.13051e+47,-4.44032e+47,-1.02032e+48,6.50462e+47,7.75641e+47,3.33497e+47,9.1631e+46,2.26153e+46,4.05227e+45,-8.72652e+44,-2.0729e+45,-2.15195e+45,-1.93158e+45,-1.67531e+45,-1.45902e+45,-1.30035e+45,-1.20059e+45,-1.15547e+45,0,
0.172401,1.08317e+47,8.22939e+46,1.38071e+46,-1.25067e+47,-3.29135e+47,-2.95828e+47,-3.43196e+47,1.78924e+47,3.27607e+47,2.29525e+47,1.13605e+47,5.05454e+46,2.1372e+46,8.46408e+45,2.83439e+45,4.41995e+44,-5.20953e+44,-8.65267e+44,-9.54457e+44,-9.51128e+44,-9.27591e+44,-9.12509e+44,0,
0.136106,5.45976e+46,3.3985e+46,-1.18872e+46,-8.47549e+46,-1.61096e+47,-1.61604e+47,-1.26981e+47,5.26441e+46,1.3896e+47,1.2635e+47,8.12859e+46,4.46988e+46,2.24694e+46,1.05112e+46,4.48353e+45,1.58389e+45,2.50888e+44,-3.27508e+44,-5.57135e+44,-6.35341e+44,-6.55873e+44,-6.59117e+44,0,
0.0952741,2.14822e+46,1.09044e+46,-1.08086e+46,-4.1204e+46,-6.81218e+46,-6.89862e+46,-4.54761e+46,1.49949e+46,5.18846e+46,5.43059e+46,3.98269e+46,2.43292e+46,1.32576e+46,6.61041e+45,2.99153e+45,1.14756e+45,2.58103e+44,-1.47135e+44,-3.18744e+44,-3.84102e+44,-4.05648e+44,-4.10904e+44,0,
0.0499055,0,0,0,0,0,0,0,0,0,0,0,0,0,0,0,0,0,0,0,0,0,0,0,
0,0,0,0,0,0,0,0,0,0,0,0,0,0,0,0,0,0,0,0,0,0,0,0,
0.0499055,2.50715e+93,2.50951e+93,2.48755e+93,2.38999e+93,2.16422e+93,1.78093e+93,1.25539e+93,6.53599e+92,7.32055e+91,-3.97165e+92,-7.14587e+92,-8.82526e+92,-9.3119e+92,-8.98203e+92,-8.17537e+92,-7.15762e+92,-6.11946e+92,-5.18351e+92,-4.41726e+92,-3.85002e+92,-3.48934e+92,-3.33393e+92,0,
0.0952741,4.90621e+93,4.94348e+93,4.95345e+93,4.81409e+93,4.39547e+93,3.61743e+93,2.50432e+93,1.20702e+93,-3.862e+91,-1.01872e+93,-1.64672e+93,-1.94917e+93,-2.00579e+93,-1.90288e+93,-1.71218e+93,-1.48697e+93,-1.26476e+93,-1.06882e+93,-9.10973e+92,-7.95419e+92,-7.2236e+92,-6.90685e+92,0,
0.136106,7.18555e+93,7.33172e+93,7.49924e+93,7.45235e+93,6.92596e+93,5.73396e+93,3.8874e+93,1.66345e+93,-4.57272e+92,-2.03023e+93,-2.93942e+93,-3.29418e+93,-3.2702e+93,-3.02354e+93,-2.66747e+93,-2.27947e+93,-1.91395e+93,-1.60252e+93,-1.35825e+93,-1.18293e+93,-1.07352e+93,-1.02625e+93,0,
0.172401,9.21142e+93,9.60448e+93,1.01704e+94,1.04872e+94,1.00459e+94,8.43583e+93,5.58552e+93,1.96051e+93,-1.47465e+93,-3.7524e+93,-4.83022e+93,-5.05883e+93,-4.79563e+93,-4.28948e+93,-3.68805e+93,-3.08045e+93,-2.53797e+93,-2.09636e+93,-1.76266e+93,-1.52983e+93,-1.38727e+93,-1.3263e+93,0,
0.204159,1.07152e+94,1.15916e+94,1.29852e+94,1.41824e+94,1.42456e+94,1.2298e+94,7.98713e+93,2.00447e+93,-3.70653e+93,-6.72742e+93,-7.62012e+93,-7.36261e+93,-6.60888e+93,-5.69294e+93,-4.75417e+93,-3.85274e+93,-3.09508e+93,-2.51445e+93,-2.09716e+93,-1.81657e+93,-1.64903e+93,-1.57859e+93,0,
0.23138,1.11953e+94,1.29328e+94,1.58769e+94,1.89029e+94,2.03581e+94,1.84364e+94,1.19845e+94,1.71116e+93,-8.68705e+93,-1.18861e+94,-1.16137e+94,-1.02144e+94,-8.63416e+93,-7.16662e+93,-5.8272e+93,-4.52164e+93,-3.51266e+93,-2.80497e+93,-2.32968e+93,-2.02434e+93,-1.84735e+93,-1.77485e+93,0,
0.254064,9.77569e+93,1.29239e+94,1.85568e+94,2.50784e+94,2.97448e+94,2.90146e+94,1.97258e+94,1.48123e+93,-2.09196e+94,-2.05707e+94,-1.67889e+94,-1.33011e+94,-1.06001e+94,-8.56392e+93,-6.91484e+93,-4.93616e+93,-3.66804e+93,-2.90092e+93,-2.42961e+93,-2.14092e+93,-1.97812e+93,-1.91394e+93,0,
0.272212,5.03496e+93,1.0271e+94,2.02102e+94,3.29926e+94,4.44264e+94,4.8061e+94,3.63435e+94,5.36019e+93,-5.59326e+94,-3.27425e+94,-2.17245e+94,-1.56559e+94,-1.19568e+94,-9.62994e+93,-8.38657e+93,-4.6798e+93,-3.36041e+93,-2.73943e+93,-2.38595e+93,-2.1711e+93,-2.04988e+93,-2.00493e+93,0,
0.285822,-5.11918e+93,2.73386e+93,1.8872e+94,4.21519e+94,6.68125e+94,8.23752e+94,7.21449e+94,3.94613e+94,-1.29127e+47,2.15212e+47,-3.01297e+47,3.87382e+47,-4.73466e+47,5.59551e+47,-6.45636e+47,-2.06153e+93,-2.38806e+93,-2.34833e+93,-2.24385e+93,-2.14905e+93,-2.08724e+93,-2.06776e+93,0,
0.294896,-2.3292e+94,-1.33084e+94,1.02057e+94,4.98877e+94,9.81986e+94,1.42391e+95,1.31019e+95,7.923e+94,-3.24918e+47,5.41531e+47,-7.58143e+47,9.74755e+47,-1.19137e+48,1.40798e+48,-1.62459e+48,-1.20537e+93,-1.81427e+93,-2.06042e+93,-2.13372e+93,-2.13736e+93,-2.12624e+93,-2.1286e+93,0,
0.299433,-5.15558e+94,-4.31506e+94,-1.5021e+94,4.92391e+94,1.33461e+95,2.58175e+95,2.3027e+95,1.47026e+95,0,0,0,0,0,0,0,-9.76548e+92,-1.63488e+93,-1.98569e+93,-2.13701e+93,-2.18597e+93,-2.19785e+93,-2.21005e+93,0,
0.299433,-8.81868e+94,-9.28124e+94,-7.7727e+94,3.02163e+94,1.28438e+95,5.35487e+95,3.59661e+95,2.89198e+95,0,0,0,0,0,0,0,-1.09402e+93,-1.80107e+93,-2.15425e+93,-2.28939e+93,-2.31965e+93,-2.31739e+93,-2.32266e+93,0,
0.294896,-1.20228e+95,-1.60442e+95,-2.37676e+95,2.28174e+94,-3.81573e+95,1.58251e+96,4.68635e+95,2.37637e+95,0,0,0,0,0,0,0,-1.63401e+93,-2.36626e+93,-2.58997e+93,-2.59709e+93,-2.53644e+93,-2.47957e+93,-2.46e+93,0,
0.285822,-1.15799e+95,-1.84936e+95,-8.35977e+95,2.90042e+95,-2.0458e+95,1.27358e+96,9.43285e+95,1.26012e+96,-98523.5,1.37341e+10,-1.51069e+11,1.28662e+22,-9.00633e+22,-2.36682e+45,7.10047e+45,-3.12898e+93,-3.49687e+93,-3.29823e+93,-3.02681e+93,-2.80219e+93,-2.65598e+93,-2.59726e+93,0,
0.272212,-6.64107e+94,-1.22822e+95,1.78893e+95,-1.62475e+96,-4.13488e+96,6.97881e+96,3.03769e+96,-3.04399e+96,-404874,3.37324e+10,-3.71033e+11,3.19021e+22,-2.23315e+23,-5.91744e+45,1.77523e+46,-7.48393e+93,-5.26606e+93,-4.14149e+93,-3.46655e+93,-3.04308e+93,-2.79641e+93,-2.69469e+93,0,
0.254064,-5.4815e+92,6.91249e+94,-2.74362e+95,1.20915e+96,-3.5656e+96,4.29013e+96,-3.92839e+96,2.33736e+96,1.18757e+95,-2.24273e+94,-1.86009e+94,-2.44904e+94,-1.92183e+94,-1.50494e+94,-1.18394e+94,-8.30786e+93,-6.01388e+93,-4.59761e+93,-3.711e+93,-3.1593e+93,-2.84158e+93,-2.7077e+93,0,
0.23138,7.7365e+93,9.27714e+93,-3.68998e+94,-5.15603e+94,2.21372e+96,-4.26537e+96,7.93457e+95,1.39572e+96,3.01007e+95,-1.02013e+95,-6.17634e+94,-3.23928e+94,-2.02569e+94,-1.43979e+94,-1.07744e+94,-7.96492e+93,-5.95323e+93,-4.58267e+93,-3.67277e+93,-3.08961e+93,-2.74848e+93,-2.60164e+93,0,
0.204159,1.43613e+94,1.82801e+94,2.81082e+94,1.21491e+95,4.1434e+95,-9.24285e+95,-1.50393e+95,6.48963e+95,2.23488e+94,-1.15007e+94,-2.32417e+94,-2.0203e+94,-1.53161e+94,-1.16665e+94,-8.98727e+93,-6.8966e+93,-5.31072e+93,-4.15793e+93,-3.35297e+93,-2.8193e+93,-2.50025e+93,-2.3602e+93,0,
0.172401,1.5585e+94,1.96344e+94,3.10034e+94,6.21105e+94,4.66027e+94,-2.30607e+95,-8.79473e+94,1.75354e+95,5.76221e+94,1.90202e+94,-1.08096e+93,-8.01912e+93,-8.93536e+93,-8.00447e+93,-6.67063e+93,-5.3766e+93,-4.28085e+93,-3.42511e+93,-2.79724e+93,-2.36682e+93,-2.10372e+93,-1.98611e+93,0,
0.136106,1.18546e+94,1.40341e+94,1.85216e+94,2.18293e+94,-3.27583e+93,-6.95043e+94,-3.31284e+94,4.86768e+94,3.33544e+94,1.60788e+94,4.12885e+93,-2.11509e+93,-4.41676e+93,-4.7741e+93,-4.35006e+93,-3.69219e+93,-3.04095e+93,-2.49076e+93,-2.06764e+93,-1.7687e+93,-1.58224e+93,-1.49737e+93,0,
0.0952741,5.682e+93,6.4495e+93,7.40124e+93,5.7652e+93,-5.30893e+93,-2.16166e+94,-1.08068e+94,1.30522e+94,1.33464e+94,7.71134e+93,2.62975e+93,-5.05667e+92,-1.94532e+93,-2.36234e+93,-2.28452e+93,-2.01725e+93,-1.71354e+93,-1.44113e+93,-1.22443e+93,-1.06788e+93,-9.68501e+92,-9.22053e+92,0,
0.0499055,0,0,0,0,0,0,0,0,0,0,0,0,0,0,0,0,0,0,0,0,0,0,0,
0,0,0,0,0,0,0,0,0,0,0,0,0,0,0,0,0,0,0,0,0,0,0,0,
0.0499055,2.16089e+188,2.18169e+188,2.19002e+188,2.12042e+188,1.90286e+188,1.49563e+188,9.14949e+187,2.42815e+187,-4.01129e+187,-9.12864e+187,-1.24539e+188,-1.40651e+188,-1.4349e+188,-1.37742e+188,-1.27582e+188,-1.16143e+188,-1.05462e+188,-9.6618e+187,-8.9993e+187,-8.55534e+187,-8.3086e+187,-8.23808e+187,0,
0.0952741,4.2585e+188,4.34288e+188,4.42685e+188,4.35954e+188,3.96831e+188,3.14012e+188,1.89907e+188,4.36108e+187,-9.56971e+187,-2.03025e+188,-2.69075e+188,-2.97726e+188,-2.98957e+188,-2.83481e+188,-2.6017e+188,-2.35361e+188,-2.12984e+188,-1.9494e+188,-1.8171e+188,-1.7299e+188,-1.68191e+188,-1.66832e+188,0,
0.136106,6.12236e+188,6.36424e+188,6.68984e+188,6.80958e+188,6.37255e+188,5.11652e+188,3.04241e+188,5.1268e+187,-1.86872e+188,-3.59053e+188,-4.53687e+188,-4.84706e+188,-4.73546e+188,-4.39501e+188,-3.9682e+188,-3.54894e+188,-3.19132e+188,-2.91618e+188,-2.72263e+188,-2.59969e+188,-2.53443e+188,-2.51738e+188,0,
0.172401,7.54915e+188,8.1198e+188,8.99746e+188,9.67078e+188,9.4695e+188,7.80956e+188,4.5687e+188,3.93125e+187,-3.47493e+188,-5.95702e+188,-7.04759e+188,-7.16561e+188,-6.73693e+188,-6.06956e+188,-5.35755e+188,-4.71636e+188,-4.20772e+188,-3.84228e+188,-3.6013e+188,-3.45743e+188,-3.38618e+188,-3.37138e+188,0,
0.204159,8.16867e+188,9.35088e+188,1.13179e+189,1.32321e+189,1.38712e+189,1.1962e+189,6.95563e+188,-6.52337e+186,-6.48829e+188,-9.74184e+188,-1.05571e+189,-1.00554e+189,-9.00223e+188,-7.81653e+188,-6.70819e+188,-5.78885e+188,-5.12448e+188,-4.69293e+188,-4.43616e+188,-4.29863e+188,-4.23995e+188,-4.23635e+188,0,
0.23138,7.33065e+188,9.5533e+188,1.34788e+189,1.78718e+189,2.06342e+189,1.9058e+189,1.12894e+189,-1.09397e+188,-1.26626e+189,-1.59923e+189,-1.54037e+189,-1.35125e+189,-1.14181e+189,-9.50936e+188,-7.90008e+188,-6.64513e+188,-5.8566e+188,-5.42509e+188,-5.21417e+188,-5.12723e+188,-5.1078e+188,-5.12746e+188,0,
0.254064,3.95346e+188,7.79394e+188,1.49593e+189,2.39417e+189,3.15032e+189,3.2104e+189,2.01618e+189,-2.70305e+188,-2.7051e+189,-2.62245e+189,-2.15531e+189,-1.7168e+189,-1.3653e+189,-1.09163e+189,-8.76214e+188,-7.07157e+188,-6.28348e+188,-6.00004e+188,-5.9397e+188,-5.96479e+188,-6.01628e+188,-6.07218e+188,0,
0.272212,-3.63679e+188,2.44191e+188,1.44507e+189,3.13005e+189,4.9057e+189,5.71748e+189,3.96498e+189,-1.62543e+188,-6.6456e+189,-4.08095e+189,-2.74819e+189,-1.99114e+189,-1.50981e+189,-1.17391e+189,-9.19122e+188,-6.60955e+188,-6.26242e+188,-6.42349e+188,-6.6611e+188,-6.86311e+188,-7.01095e+188,-7.11123e+188,0,
0.285822,-1.77708e+189,-9.15279e+188,9.03725e+188,3.7915e+189,7.61169e+189,1.0663e+190,8.05073e+189,3.50003e+189,-1.18384e+95,1.97306e+95,-2.76229e+95,3.55151e+95,-4.34074e+95,5.12997e+95,-5.91919e+95,-3.97946e+188,-5.79836e+188,-6.85282e+188,-7.51049e+188,-7.91427e+188,-8.15513e+188,-8.29374e+188,0,
0.294896,-4.11247e+189,-3.08762e+189,-7.01249e+188,3.62079e+189,1.12007e+190,2.09477e+190,1.40079e+190,6.06016e+189,-2.3769e+95,3.9615e+95,-5.5461e+95,7.1307e+95,-8.7153e+95,1.02999e+96,-1.18845e+96,-3.57848e+188,-6.16199e+188,-7.77202e+188,-8.71841e+188,-9.23947e+188,-9.51561e+188,-9.6629e+188,0,
0.299433,-7.53754e+189,-6.76719e+189,-4.27445e+189,4.26693e+188,1.36051e+190,4.69125e+190,2.02351e+190,1.06231e+190,0,0,0,0,0,0,0,-4.33837e+188,-7.53502e+188,-9.46282e+188,-1.04706e+189,-1.09342e+189,-1.11316e+189,-1.12321e+189,0,
0.299433,-1.17212e+190,-1.25508e+190,-1.03505e+190,-1.17381e+190,-1.20888e+189,1.29615e+191,1.14316e+190,9.66478e+189,0,0,0,0,0,0,0,-6.32002e+188,-1.02854e+189,-1.22004e+189,-1.29022e+189,-1.30336e+189,-1.29835e+189,-1.29589e+189,0,
0.294896,-1.47386e+190,-2.17954e+190,-1.37247e+190,-5.10072e+190,6.50348e+189,2.11342e+191,4.58269e+189,1.46939e+190,0,0,0,0,0,0,0,-1.07686e+189,-1.52248e+189,-1.6302e+189,-1.60571e+189,-1.5467e+189,-1.49607e+189,-1.47209e+189,0,
0.285822,-1.09294e+190,-2.68009e+190,-5.41808e+190,-8.11597e+190,-2.11081e+191,7.76986e+191,-8.73667e+190,-2.20519e+191,-2.06005e+11,1.28662e+22,-1.41528e+23,-2.36682e+45,1.65678e+46,-3.12898e+93,9.38694e+93,-2.17104e+189,-2.37263e+189,-2.1904e+189,-1.97275e+189,-1.79801e+189,-1.68303e+189,-1.63044e+189,0,
0.272212,-8.61092e+189,-1.08779e+190,8.24209e+189,-7.60967e+191,8.65322e+191,3.37286e+191,-2.08592e+190,-4.22772e+191,-5.05964e+11,3.19021e+22,-3.50923e+23,-5.91744e+45,4.14221e+46,-7.48393e+93,2.24518e+94,-5.27145e+189,-3.62976e+189,-2.80621e+189,-2.31502e+189,-2.00649e+189,-1.82378e+189,-1.74216e+189,0,
0.254064,-9.81006e+189,-8.81477e+189,-8.10046e+190,3.1295e+191,2.62652e+191,-1.40536e+192,8.17963e+191,5.36469e+191,-2.12527e+191,-7.52356e+190,-3.13581e+190,-1.829e+190,-1.30494e+190,-1.01708e+190,-8.10902e+189,-5.68245e+189,-4.09245e+189,-3.10989e+189,-2.49268e+189,-2.1058e+189,-1.8792e+189,-1.77779e+189,0,
0.23138,-9.49738e+189,-1.03465e+190,-1.98903e+190,-2.55285e+191,1.22337e+191,2.57979e+191,4.11497e+190,7.48446e+190,-4.44105e+190,-3.90435e+190,-2.4255e+190,-1.60617e+190,-1.16438e+190,-8.94597e+189,-6.98851e+189,-5.26821e+189,-3.97227e+189,-3.06726e+189,-2.45687e+189,-2.06025e+189,-1.8239e+189,-1.71675e+189,0,
0.204159,-8.1103e+189,-9.20933e+189,-1.27124e+190,1.70211e+189,8.83388e+190,-2.75992e+191,2.58934e+191,2.7512e+190,1.85378e+190,-5.34632e+189,-1.09001e+190,-1.02038e+190,-8.56961e+189,-7.01672e+189,-5.65576e+189,-4.45438e+189,-3.48083e+189,-2.74664e+189,-2.22189e+189,-1.8677e+189,-1.65172e+189,-1.55227e+189,0,
0.172401,-5.76914e+189,-5.62387e+189,-4.1856e+189,4.06031e+189,1.60539e+190,-5.82949e+190,5.9078e+190,2.43971e+190,1.98924e+190,4.30037e+189,-3.01866e+189,-5.25694e+189,-5.44998e+189,-4.92324e+189,-4.18479e+189,-3.43104e+189,-2.7653e+189,-2.22953e+189,-1.82771e+189,-1.54726e+189,-1.37247e+189,-1.29076e+189,0,
0.136106,-3.5855e+189,-3.14216e+189,-1.77239e+189,1.02757e+189,2.19426e+189,-1.06091e+190,1.7081e+190,1.45387e+190,1.10965e+190,4.39609e+189,-1.68249e+188,-2.34903e+189,-3.06518e+189,-3.05753e+189,-2.74297e+189,-2.33147e+189,-1.92975e+189,-1.58695e+189,-1.31956e+189,-1.12786e+189,-1.00619e+189,-9.48471e+188,0,
0.0952741,-1.84287e+189,-1.56986e+189,-9.27747e+188,-2.62099e+187,1.64834e+188,-1.38842e+189,5.37817e+189,6.1294e+189,4.83374e+189,2.32403e+189,2.66544e+188,-9.14699e+188,-1.4106e+189,-1.50511e+189,-1.40386e+189,-1.2271e+189,-1.03945e+189,-8.7245e+188,-7.38726e+188,-6.41092e+188,-5.78247e+188,-5.47836e+188,0,
0.0499055,0,0,0,0,0,0,0,0,0,0,0,0,0,0,0,0,0,0,0,0,0,0,0,
